[
{
    "pk": 1, 
    "model": "auth.user", 
    "fields": {
        "username": "admin", 
        "first_name": "", 
        "last_name": "", 
        "is_active": true, 
        "is_superuser": false, 
        "is_staff": false, 
        "last_login": "2015-09-28T11:02:55.084Z", 
        "groups": [], 
        "user_permissions": [], 
        "password": "pbkdf2_sha256$12000$qtHVKbZURtho$GldiDJHODanaayGhkjQmWG253v0c6f26U/UGLEptMhA=", 
        "email": "", 
        "date_joined": "2015-09-28T11:02:54.596Z"
    }
},
{
    "pk": "ymkfmc3y1grrrcn9nyh5yfl3dhpuecnd",
    "model": "sessions.session", 
    "fields": {
        "expire_date": "2018-02-17 18:33:49.001770 +00:00",
        "session_data": "ZTc1Mjc4Y2E0OWI4NTFjZDZlYTM4MGFjYWQ1MTJmNTRjMzI1ZGQ3MDp7Il9hdXRoX3VzZXJfaGFzaCI6IjA3NzJhZGViMjU1MDJkYTQzNWQ4YmMzYzA4NjJhOTMwN2EyOTFmYjkiLCJfYXV0aF91c2VyX2JhY2tlbmQiOiJkamFuZ28uY29udHJpYi5hdXRoLmJhY2tlbmRzLk1vZGVsQmFja2VuZCIsIl9hdXRoX3VzZXJfaWQiOiIyIn0"
    }
},
    {
    "pk": 1, 
    "model": "sites.site", 
    "fields": {
        "domain": "example.com", 
        "name": "example.com"
    }
},
{
    "pk": 1, 
    "model": "storageadmin.pool", 
    "fields": {
        "raid": "single", 
        "compression": null, 
        "uuid": "54451c3d-ab13-4ac1-8f5d-9856ae4e301f", 
        "name": "rockstor_rockstor", 
        "mnt_options": null, 
        "toc": "2015-09-28T11:02:57.568Z", 
        "size": 8924160
    }
},
{
    "pk": 2, 
    "model": "storageadmin.pool", 
    "fields": {
        "raid": "single", 
        "compression": "no", 
        "uuid": "d9120fc9-ce73-498d-81f4-ef36c7b08c66", 
        "name": "pool1", 
        "mnt_options": "", 
        "toc": "2015-09-28T11:03:42.098Z", 
        "size": 2097152
    }
},
{
    "pk": 1, 
    "model": "storageadmin.disk", 
    "fields": {
        "smart_enabled": false, 
        "parted": false, 
        "btrfs_uuid": null, 
        "vendor": "ATA", 
        "name": "sdd", 
        "smart_available": false, 
        "transport": "sata", 
        "serial": "VB1945a3ed-31b3ab82", 
        "offline": false, 
        "model": "VBOX HARDDISK", 
        "pool": null, 
        "size": 1048576
    }
},
{
    "pk": 2, 
    "model": "storageadmin.disk", 
    "fields": {
        "smart_enabled": false, 
        "parted": false, 
        "btrfs_uuid": null, 
        "vendor": "ATA", 
        "name": "sde", 
        "smart_available": false, 
        "transport": "sata", 
        "serial": "VB14fccd25-e8d02a77", 
        "offline": false, 
        "model": "VBOX HARDDISK", 
        "pool": null, 
        "size": 1048576
    }
},
{
    "pk": 3, 
    "model": "storageadmin.disk", 
    "fields": {
        "smart_enabled": false, 
        "parted": false, 
        "btrfs_uuid": null, 
        "vendor": "ATA", 
        "name": "sdf", 
        "smart_available": false, 
        "transport": "sata", 
        "serial": "VB42c95b46-455382af", 
        "offline": false, 
        "model": "VBOX HARDDISK", 
        "pool": null, 
        "size": 1048576
    }
},
{
    "pk": 4, 
    "model": "storageadmin.disk", 
    "fields": {
        "smart_enabled": false, 
        "parted": false, 
        "btrfs_uuid": null, 
        "vendor": "ATA", 
        "name": "sdg", 
        "smart_available": false, 
        "transport": "sata", 
        "serial": "VBcf40ee7e-a6edc53e", 
        "offline": false, 
        "model": "VBOX HARDDISK", 
        "pool": null, 
        "size": 2097152
    }
},
{
    "pk": 5, 
    "model": "storageadmin.disk", 
    "fields": {
        "smart_enabled": false, 
        "parted": false, 
        "btrfs_uuid": "54451c3d-ab13-4ac1-8f5d-9856ae4e301f", 
        "vendor": null, 
        "name": "sda3", 
        "smart_available": false, 
        "transport": null, 
        "serial": "VBa9aea2b9-befbd956", 
        "offline": false, 
        "model": null, 
        "pool": 1, 
        "size": 8912896
    }
},
{
    "pk": 6, 
    "model": "storageadmin.disk", 
    "fields": {
        "smart_enabled": false, 
        "parted": false, 
        "btrfs_uuid": null, 
        "vendor": "ATA", 
        "name": "sdb", 
        "smart_available": false, 
        "transport": "sata", 
        "serial": "VBaae151b9-6b642c81", 
        "offline": false, 
        "model": "VBOX HARDDISK", 
        "pool": null, 
        "size": 2097152
    }
},
{
    "pk": 7, 
    "model": "storageadmin.disk", 
    "fields": {
        "smart_enabled": false, 
        "parted": false, 
        "btrfs_uuid": null, 
        "vendor": "ATA", 
        "name": "sdc", 
        "smart_available": false, 
        "transport": "sata", 
        "serial": "VB9acc307b-68ae0871", 
        "offline": false, 
        "model": "VBOX HARDDISK", 
        "pool": 2, 
        "size": 2097152
    }
},
{
    "pk": 8, 
    "model": "storageadmin.disk", 
    "fields": {
        "smart_enabled": false, 
        "parted": false, 
        "btrfs_uuid": null, 
        "vendor": "ATA", 
        "name": "sdh", 
        "smart_available": false, 
        "transport": "sata", 
        "serial": "VB7afbbbd1-52a74cd5", 
        "offline": false, 
        "model": "VBOX HARDDISK", 
        "pool": null, 
        "size": 2097152
    }
},
{
    "pk": 9, 
    "model": "storageadmin.disk", 
    "fields": {
        "smart_enabled": false, 
        "parted": false, 
        "btrfs_uuid": null, 
        "vendor": "ATA", 
        "name": "sdi", 
        "smart_available": false, 
        "transport": "sata", 
        "serial": "VBfb6fa79a-a2967e37", 
        "offline": false, 
        "model": "VBOX HARDDISK", 
        "pool": null, 
        "size": 2097152
    }
},
{
    "pk": 10, 
    "model": "storageadmin.disk", 
    "fields": {
        "smart_enabled": false, 
        "parted": false, 
        "btrfs_uuid": null, 
        "vendor": "ATA", 
        "name": "sdj", 
        "smart_available": false, 
        "transport": "sata", 
        "serial": "VB116fde28-bb13e8a0", 
        "offline": false, 
        "model": "VBOX HARDDISK", 
        "pool": null, 
        "size": 2097152
    }
},
{
    "pk": 11, 
    "model": "storageadmin.disk", 
    "fields": {
        "smart_enabled": false, 
        "parted": false, 
        "btrfs_uuid": null, 
        "vendor": "ATA", 
        "name": "sdk", 
        "smart_available": false, 
        "transport": "sata", 
        "serial": "VB889b6152-427b8acd", 
        "offline": false, 
        "model": "VBOX HARDDISK", 
        "pool": null, 
        "size": 2097152
    }
},
{
    "pk": 1, 
    "model": "storageadmin.share", 
    "fields": {
        "group": "root", 
        "name": "home", 
        "perms": "755", 
        "pqgroup": "2015/1909", 
        "eusage": 0, 
        "uuid": null, 
        "compression_algo": null, 
        "owner": "root", 
        "replica": false, 
        "qgroup": "0/257", 
        "toc": "2015-09-28T11:02:57.701Z", 
        "subvol_name": "home", 
        "rusage": 0, 
        "pool": 1, 
        "size": 8924160
    }
},
{
    "pk": 2, 
    "model": "storageadmin.share", 
    "fields": {
        "group": "root", 
        "name": "clone1", 
        "perms": "755", 
        "pqgroup": "2015/1910", 
        "eusage": 0, 
        "uuid": null, 
        "compression_algo": null, 
        "owner": "root", 
        "replica": false, 
        "qgroup": "0/272", 
        "toc": "2015-09-28T11:02:57.748Z", 
        "subvol_name": "clone1", 
        "rusage": 0, 
        "pool": 1, 
        "size": 8924160
    }
},
{
    "pk": 3, 
    "model": "storageadmin.share", 
    "fields": {
        "group": "root", 
        "name": "root", 
        "perms": "755", 
        "pqgroup": "2015/1911", 
        "eusage": 0, 
        "uuid": null, 
        "compression_algo": null, 
        "owner": "root", 
        "replica": false, 
        "qgroup": "0/258", 
        "toc": "2015-09-28T11:02:57.792Z", 
        "subvol_name": "root", 
        "rusage": 0, 
        "pool": 1, 
        "size": 8924160
    }
},
{
    "pk": 4, 
    "model": "storageadmin.share", 
    "fields": {
        "group": "root", 
        "name": "clone", 
        "perms": "755", 
        "pqgroup": "2015/1912", 
        "eusage": 0, 
        "uuid": null, 
        "compression_algo": null, 
        "owner": "root", 
        "replica": false, 
        "qgroup": "0/280", 
        "toc": "2015-09-28T11:02:57.834Z", 
        "subvol_name": "clone", 
        "rusage": 0, 
        "pool": 1, 
        "size": 8924160
    }
},
{
    "pk": 5, 
    "model": "storageadmin.share", 
    "fields": {
        "group": "root", 
        "name": "share1", 
        "perms": "755", 
        "pqgroup": "2015/1", 
        "eusage": 0, 
        "uuid": null, 
        "compression_algo": "no", 
        "owner": "root", 
        "replica": false, 
        "qgroup": "0/257", 
        "toc": "2015-09-28T11:03:49.745Z", 
        "subvol_name": "share1", 
        "rusage": 0, 
        "pool": 2, 
        "size": 1048576
    }
},
{
    "pk": 1, 
    "model": "storageadmin.appliance", 
    "fields": {
        "current_appliance": true, 
        "uuid": "000a0f02-8c2b99f7-a842-4c17-a64a-35dbaa0317f7", 
        "mgmt_port": 443, 
        "ip": "192.168.56.101", 
        "hostname": "Rockstor", 
        "client_id": null, 
        "client_secret": null
    }
},
{
    "pk": 1, 
    "model": "storageadmin.networkinterface", 
    "fields": {
        "autoconnect": "yes", 
        "dns_servers": null, 
        "itype": "io", 
        "name": "enp0s3", 
        "state": "activated", 
        "dname": "enp0s3", 
        "dtype": "ethernet", 
        "dspeed": "1000 Mb/s", 
        "ipaddr": "192.168.56.101", 
        "netmask": "255.255.255.0", 
        "ctype": "802-3-ethernet", 
        "gateway": null, 
        "mac": "08:00:27:F6:2C:85", 
        "method": "auto"
    }
},
{
    "pk": 2, 
    "model": "storageadmin.networkinterface", 
    "fields": {
        "autoconnect": "yes", 
        "dns_servers": "10.0.3.3", 
        "itype": "io", 
        "name": "enp0s8", 
        "state": "activated", 
        "dname": "enp0s8", 
        "dtype": "ethernet", 
        "dspeed": "1000 Mb/s", 
        "ipaddr": "10.0.3.15", 
        "netmask": "255.255.255.0", 
        "ctype": "802-3-ethernet", 
        "gateway": "10.0.3.2", 
        "mac": "08:00:27:BA:4B:88", 
        "method": "auto"
    }
},
{
    "pk": 1, 
    "model": "storageadmin.group", 
    "fields": {
        "admin": true, 
        "groupname": "admin", 
        "gid": 1000
    }
},
{
    "pk": 1, 
    "model": "storageadmin.user", 
    "fields": {
        "username": "admin", 
        "public_key": null, 
        "shell": "/bin/bash", 
        "group": 1, 
        "uid": 1000, 
        "admin": true, 
        "gid": 1000, 
        "user": [
            "admin"
        ], 
        "smb_shares": [], 
        "email": null, 
        "homedir": "/home/admin"
    }
},
{
    "pk": 1, 
    "model": "storageadmin.setup", 
    "fields": {
        "setup_network": false, 
        "setup_user": true, 
        "setup_disks": false, 
        "setup_system": true
    }
},
{
    "pk": 1, 
    "model": "storageadmin.plugin", 
    "fields": {
        "display_name": "Backup", 
        "css_file_name": "backup", 
        "description": "Backup Server functionality", 
        "js_file_name": "backup", 
        "key": "", 
        "name": "backup"
    }
},
{
    "pk": 1, 
    "model": "storageadmin.oauthapp", 
    "fields": {
        "application": 1, 
        "name": "cliapp", 
        "user": 1
    }
},
{
    "pk": 1, 
    "model": "storageadmin.rockon", 
    "fields": {
        "status": "stopped", 
        "website": "https://www.getsync.com/", 
        "volume_add_support": true, 
        "name": "BTSync", 
        "more_info": "<h4>Authentication</h4><p>Default username for your BTSync UI is<code>admin</code>and password is<code>password</code></p><h4>Storage</h4><p>You can also assign additional Shares for custom organization of your data.</p>", 
        "state": "available", 
        "version": "1.0", 
        "link": "", 
        "https": false, 
        "ui": true, 
        "icon": null, 
        "description": "BitTorrent Sync"
    }
},
{
    "pk": 2, 
    "model": "storageadmin.rockon", 
    "fields": {
        "status": "stopped", 
        "website": "http://www.transmissionbt.com/", 
        "volume_add_support": false, 
        "name": "Transmission", 
        "more_info": null, 
        "state": "available", 
        "version": "1.0", 
        "link": "", 
        "https": false, 
        "ui": true, 
        "icon": null, 
        "description": "Open Source BitTorrent client"
    }
},
{
    "pk": 3, 
    "model": "storageadmin.rockon", 
    "fields": {
        "status": "stopped", 
        "website": "https://plex.tv/", 
        "volume_add_support": true, 
        "name": "Plex", 
        "more_info": "<h4>Adding more media to Plex.</h4><p>You can add more Shares(with media) to Plex from the settings wizard of this Rock-on. Then, from Plex WebUI, you can update and re-index your library.</p>", 
        "state": "available", 
        "version": "1.0", 
        "link": "web", 
        "https": false, 
        "ui": true, 
        "icon": null, 
        "description": "Plex media server"
    }
},
{
    "pk": 4, 
    "model": "storageadmin.rockon", 
    "fields": {
        "status": "stopped", 
        "website": "https://owncloud.org/", 
        "volume_add_support": false, 
        "name": "OwnCloud", 
        "more_info": "<p>Default username for your OwnCloud UI is<code>admin</code>and password is<code>changeme</code></p>", 
        "state": "available", 
        "version": "1.0", 
        "link": "", 
        "https": true, 
        "ui": true, 
        "icon": "https://owncloud.org/wp-content/themes/owncloudorgnew/assets/img/common/logo_owncloud.svg", 
        "description": "Secure file sharing and hosting"
    }
},
{
    "pk": 5, 
    "model": "storageadmin.rockon", 
    "fields": {
        "status": "stopped", 
        "website": "https://openvpn.net/", 
        "volume_add_support": false, 
        "name": "OpenVPN", 
        "more_info": "<h4>Additional steps are required by this Rock-on.</h4><p>Run these following commands as the<code>root</code>user on your Rockstor system, i.e., via a ssh console.</p><h4><u>Initialize PKI</u>&nbsp;&nbsp;&nbsp;&nbsp;<i>The OpenVPN Rock-on will not start without it.</i></h4><code>/opt/rockstor/bin/ovpn-initpki</code><h4><u>Generate a client certificate</u>&nbsp;&nbsp;&nbsp;&nbsp;<i>One for every client</i></h4><code>/opt/rockstor/bin/ovpn-client-gen</code><br><h4><u>Retrieve client configuration</u>&nbsp;&nbsp;&nbsp;&nbsp<i>For any one of your clients. The resulting .ovpn file can be used to connect to this OpenVPN server.</i></h4><code>/opt/rockstor/bin/ovpn-client-print</code><h4><u>Configure firewall</u></h4><p>If your Rockstor system is behind a firewall, you will need to configure it to allow OpenVPN traffic to forward to your Rockstor system.</p>", 
        "state": "available", 
        "version": "1.0", 
        "link": null, 
        "https": false, 
        "ui": false, 
        "icon": "https://openvpn.net/", 
        "description": "Open Source VPN server"
    }
},
{
    "pk": 6, 
    "model": "storageadmin.rockon", 
    "fields": {
        "status": "stopped", 
        "website": "https://syncthing.net/", 
        "volume_add_support": true, 
        "name": "Syncthing", 
        "more_info": null, 
        "state": "available", 
        "version": "1.0", 
        "link": "", 
        "https": true, 
        "ui": true, 
        "icon": null, 
        "description": "Continuous File Synchronization"
    }
},
{
    "pk": 1, 
    "model": "storageadmin.dimage", 
    "fields": {
        "repo": "na", 
        "tag": "latest", 
        "name": "aostanin/btsync"
    }
},
{
    "pk": 2, 
    "model": "storageadmin.dimage", 
    "fields": {
        "repo": "na", 
        "tag": "latest", 
        "name": "dperson/transmission"
    }
},
{
    "pk": 3, 
    "model": "storageadmin.dimage", 
    "fields": {
        "repo": "na", 
        "tag": "latest", 
        "name": "timhaak/plex"
    }
},
{
    "pk": 4, 
    "model": "storageadmin.dimage", 
    "fields": {
        "repo": "na", 
        "tag": "latest", 
        "name": "postgres"
    }
},
{
    "pk": 5, 
    "model": "storageadmin.dimage", 
    "fields": {
        "repo": "na", 
        "tag": "latest", 
        "name": "pschmitt/owncloud"
    }
},
{
    "pk": 6, 
    "model": "storageadmin.dimage", 
    "fields": {
        "repo": "na", 
        "tag": "latest", 
        "name": "busybox"
    }
},
{
    "pk": 7, 
    "model": "storageadmin.dimage", 
    "fields": {
        "repo": "na", 
        "tag": "latest", 
        "name": "kylemanna/openvpn"
    }
},
{
    "pk": 8, 
    "model": "storageadmin.dimage", 
    "fields": {
        "repo": "na", 
        "tag": "latest", 
        "name": "istepanov/syncthing"
    }
},
{
    "pk": 1, 
    "model": "storageadmin.dcontainer", 
    "fields": {
        "launch_order": 1, 
        "rockon": 1, 
        "dimage": 1, 
        "name": "btsync"
    }
},
{
    "pk": 2, 
    "model": "storageadmin.dcontainer", 
    "fields": {
        "launch_order": 1, 
        "rockon": 2, 
        "dimage": 2, 
        "name": "transmission"
    }
},
{
    "pk": 3, 
    "model": "storageadmin.dcontainer", 
    "fields": {
        "launch_order": 1, 
        "rockon": 3, 
        "dimage": 3, 
        "name": "plex"
    }
},
{
    "pk": 4, 
    "model": "storageadmin.dcontainer", 
    "fields": {
        "launch_order": 1, 
        "rockon": 4, 
        "dimage": 4, 
        "name": "owncloud-postgres"
    }
},
{
    "pk": 5, 
    "model": "storageadmin.dcontainer", 
    "fields": {
        "launch_order": 2, 
        "rockon": 4, 
        "dimage": 5, 
        "name": "owncloud"
    }
},
{
    "pk": 6, 
    "model": "storageadmin.dcontainer", 
    "fields": {
        "launch_order": 1, 
        "rockon": 5, 
        "dimage": 6, 
        "name": "ovpn-data"
    }
},
{
    "pk": 7, 
    "model": "storageadmin.dcontainer", 
    "fields": {
        "launch_order": 2, 
        "rockon": 5, 
        "dimage": 7, 
        "name": "openvpn"
    }
},
{
    "pk": 8, 
    "model": "storageadmin.dcontainer", 
    "fields": {
        "launch_order": 1, 
        "rockon": 6, 
        "dimage": 8, 
        "name": "syncthing"
    }
},
{
    "pk": 1, 
    "model": "storageadmin.dcontainerlink", 
    "fields": {
        "source": 4, 
        "destination": 5, 
        "name": "db"
    }
},
{
    "pk": 1, 
    "model": "storageadmin.dport", 
    "fields": {
        "container": 1, 
        "description": "BTSync WebUI port. Suggested default: 8888", 
        "uiport": true, 
        "hostp_default": 8888, 
        "label": "WebUI port", 
        "hostp": 8888, 
        "protocol": "tcp", 
        "containerp": 8888
    }
},
{
    "pk": 2, 
    "model": "storageadmin.dport", 
    "fields": {
        "container": 1, 
        "description": "Port for incoming data. You may need to open it(protocol: udp) on your firewall. Suggested default: 3369.", 
        "uiport": false, 
        "hostp_default": 3369, 
        "label": "Listening port", 
        "hostp": 3369, 
        "protocol": null, 
        "containerp": 3369
    }
},
{
    "pk": 3, 
    "model": "storageadmin.dport", 
    "fields": {
        "container": 2, 
        "description": "Transmission WebUI port. Suggested default: 9091", 
        "uiport": true, 
        "hostp_default": 9091, 
        "label": "WebUI port", 
        "hostp": 9091, 
        "protocol": "tcp", 
        "containerp": 9091
    }
},
{
    "pk": 4, 
    "model": "storageadmin.dport", 
    "fields": {
        "container": 2, 
        "description": "Port used to share the file being downloaded. You may need to open it(protocol: tcp and udp) on your firewall. Suggested default: 51413.", 
        "uiport": false, 
        "hostp_default": 51413, 
        "label": "Sharing port", 
        "hostp": 51413, 
        "protocol": null, 
        "containerp": 51413
    }
},
{
    "pk": 5, 
    "model": "storageadmin.dport", 
    "fields": {
        "container": 3, 
        "description": "Plex WebUI port. Suggested default: 32400", 
        "uiport": true, 
        "hostp_default": 32400, 
        "label": "WebUI port", 
        "hostp": 32400, 
        "protocol": "tcp", 
        "containerp": 32400
    }
},
{
    "pk": 6, 
    "model": "storageadmin.dport", 
    "fields": {
        "container": 5, 
        "description": "OwnCloud WebUI port. Suggested default: 8080", 
        "uiport": true, 
        "hostp_default": 8080, 
        "label": "WebUI port", 
        "hostp": 8080, 
        "protocol": "tcp", 
        "containerp": 443
    }
},
{
    "pk": 7, 
    "model": "storageadmin.dport", 
    "fields": {
        "container": 7, 
        "description": "OpenVPN server listening port. You may need to open it on your firewall.", 
        "uiport": false, 
        "hostp_default": 1194, 
        "label": "Server port", 
        "hostp": 1194, 
        "protocol": "udp", 
        "containerp": 1194
    }
},
{
    "pk": 8, 
    "model": "storageadmin.dport", 
    "fields": {
        "container": 8, 
        "description": "Port for incoming data. You may need to open it(protocol: tcp) on your firewall. Suggested default: 22000.", 
        "uiport": false, 
        "hostp_default": 22000, 
        "label": "Listening port", 
        "hostp": 22000, 
        "protocol": "tcp", 
        "containerp": 22000
    }
},
{
    "pk": 9, 
    "model": "storageadmin.dport", 
    "fields": {
        "container": 8, 
        "description": "Syncthing WebUI port. Suggested default: 8384.", 
        "uiport": true, 
        "hostp_default": 8384, 
        "label": "WebUI port", 
        "hostp": 8384, 
        "protocol": "tcp", 
        "containerp": 8384
    }
},
{
    "pk": 10, 
    "model": "storageadmin.dport", 
    "fields": {
        "container": 8, 
        "description": "Port for discovery broadcasts. You may need to open it(protocol: udp) on your firewall. Suggested default: 21025.", 
        "uiport": false, 
        "hostp_default": 21025, 
        "label": "Discovery port", 
        "hostp": 21025, 
        "protocol": "udp", 
        "containerp": 21025
    }
},
{
    "pk": 1, 
    "model": "storageadmin.dvolume", 
    "fields": {
        "container": 1, 
        "description": "Choose a Share for all incoming data. Eg: create a Share called btsync-data for this purpose alone. It will be available as /data inside BTSync.", 
        "uservol": false, 
        "share": null, 
        "label": "Data Storage", 
        "min_size": null, 
        "dest_dir": "/data"
    }
},
{
    "pk": 2, 
    "model": "storageadmin.dvolume", 
    "fields": {
        "container": 2, 
        "description": "Choose a Share where Transmission will save all of it's files including your downloads. Eg: create a Share called transmission-rockon.", 
        "uservol": false, 
        "share": null, 
        "label": "Data Storage", 
        "min_size": null, 
        "dest_dir": "/var/lib/transmission-daemon"
    }
},
{
    "pk": 3, 
    "model": "storageadmin.dvolume", 
    "fields": {
        "container": 3, 
        "description": "Choose a Share for Plex configuration. Eg: create a Share called plex-config for this purpose alone.", 
        "uservol": false, 
        "share": null, 
        "label": "Config Storage", 
        "min_size": null, 
        "dest_dir": "/config"
    }
},
{
    "pk": 4, 
    "model": "storageadmin.dvolume", 
    "fields": {
        "container": 3, 
        "description": "Choose a Share for Plex content(your media). Eg: create a Share called plex-data for this purpose alone. You can also assign other media Shares on the system after installation.", 
        "uservol": false, 
        "share": null, 
        "label": "Data Storage", 
        "min_size": null, 
        "dest_dir": "/data"
    }
},
{
    "pk": 5, 
    "model": "storageadmin.dvolume", 
    "fields": {
        "container": 4, 
        "description": "Choose a Share for OwnCloud's postgresql database. Eg: create a Share called owncloud-db for this purpose alone.", 
        "uservol": false, 
        "share": null, 
        "label": "DB Storage", 
        "min_size": 1073741824, 
        "dest_dir": "/var/lib/postgresql/data"
    }
},
{
    "pk": 6, 
    "model": "storageadmin.dvolume", 
    "fields": {
        "container": 5, 
        "description": "Choose a Share for OwnCloud data. Eg: create a Share called owncloud-data for this purpose alone.", 
        "uservol": false, 
        "share": null, 
        "label": "Data Storage", 
        "min_size": 1073741824, 
        "dest_dir": "/var/www/owncloud/data"
    }
},
{
    "pk": 7, 
    "model": "storageadmin.dvolume", 
    "fields": {
        "container": 5, 
        "description": "Choose a Share for OwnCloud configuration. Eg: create a Share called owncloud-config for this purpose alone.", 
        "uservol": false, 
        "share": null, 
        "label": "Config Storage", 
        "min_size": 1073741824, 
        "dest_dir": "/var/www/owncloud/config"
    }
},
{
    "pk": 8, 
    "model": "storageadmin.dvolume", 
    "fields": {
        "container": 8, 
        "description": "Choose a Share for all incoming data. Eg: create a Share called syncthing-data for this purpose alone.", 
        "uservol": false, 
        "share": null, 
        "label": "Data Storage", 
        "min_size": null, 
        "dest_dir": "/home/syncthing/Sync"
    }
},
{
    "pk": 9, 
    "model": "storageadmin.dvolume", 
    "fields": {
        "container": 8, 
        "description": "Choose a Share for configuration. Eg: create a Share called syncthing-config for this purpose alone.", 
        "uservol": false, 
        "share": null, 
        "label": "Config Storage", 
        "min_size": 1073741824, 
        "dest_dir": "/home/syncthing/.config/syncthing"
    }
},
{
    "pk": 1, 
    "model": "storageadmin.containeroption", 
    "fields": {
        "container": 3, 
        "name": "--net=host", 
        "val": ""
    }
},
{
    "pk": 2, 
    "model": "storageadmin.containeroption", 
    "fields": {
        "container": 6, 
        "name": "-v", 
        "val": "/etc/openvpn"
    }
},
{
    "pk": 3, 
    "model": "storageadmin.containeroption", 
    "fields": {
        "container": 7, 
        "name": "--cap-add=NET_ADMIN", 
        "val": ""
    }
},
{
    "pk": 4, 
    "model": "storageadmin.containeroption", 
    "fields": {
        "container": 7, 
        "name": "--volumes-from", 
        "val": "ovpn-data"
    }
},
{
    "pk": 1, 
    "model": "storageadmin.dcustomconfig", 
    "fields": {
        "rockon": 2, 
        "label": "WebUI password", 
        "val": null, 
        "key": "TRPASSWD", 
        "description": "Choose a login password for the Transmission WebUI."
    }
},
{
    "pk": 2, 
    "model": "storageadmin.dcustomconfig", 
    "fields": {
        "rockon": 2, 
        "label": "WebUI username", 
        "val": null, 
        "key": "TRUSER", 
        "description": "Choose a login username for Transmission WebUI."
    }
},
{
    "pk": 3, 
    "model": "storageadmin.dcustomconfig", 
    "fields": {
        "rockon": 4, 
        "label": "DB User", 
        "val": null, 
        "key": "db_user", 
        "description": "Choose a administrator username for the OwnCloud database."
    }
},
{
    "pk": 4, 
    "model": "storageadmin.dcustomconfig", 
    "fields": {
        "rockon": 4, 
        "label": "DB Password", 
        "val": null, 
        "key": "db_pw", 
        "description": "Choose a secure password for the database admin user"
    }
},
{
    "pk": 5, 
    "model": "storageadmin.dcustomconfig", 
    "fields": {
        "rockon": 5, 
        "label": "Server address", 
        "val": null, 
        "key": "servername", 
        "description": "Your Rockstor system's public ip address or hostname."
    }
},
{
    "pk": 1, 
    "model": "south.migrationhistory", 
    "fields": {
        "applied": "2014-02-27T04:51:28.513Z", 
        "app_name": "storageadmin", 
        "migration": "0001_initial"
    }
},
{
    "pk": 2, 
    "model": "south.migrationhistory", 
    "fields": {
        "applied": "2015-09-28T10:47:07.559Z", 
        "app_name": "storageadmin", 
        "migration": "0002_auto__del_poolstatistic__del_sharestatistic__chg_field_disk_size__chg_"
    }
},
{
    "pk": 3, 
    "model": "south.migrationhistory", 
    "fields": {
        "applied": "2015-09-28T10:47:07.602Z", 
        "app_name": "storageadmin", 
        "migration": "0003_auto__add_field_nfsexportgroup_admin_host"
    }
},
{
    "pk": 4, 
    "model": "south.migrationhistory", 
    "fields": {
        "applied": "2015-09-28T10:47:07.652Z", 
        "app_name": "storageadmin", 
        "migration": "0004_auto__add_advancednfsexport"
    }
},
{
    "pk": 5, 
    "model": "south.migrationhistory", 
    "fields": {
        "applied": "2015-09-28T10:47:07.695Z", 
        "app_name": "storageadmin", 
        "migration": "0005_auto__add_field_networkinterface_gateway__add_field_networkinterface_d"
    }
},
{
    "pk": 6, 
    "model": "south.migrationhistory", 
    "fields": {
        "applied": "2015-09-28T10:47:07.792Z", 
        "app_name": "oauth2_provider", 
        "migration": "0001_initial"
    }
},
{
    "pk": 7, 
    "model": "south.migrationhistory", 
    "fields": {
        "applied": "2015-09-28T10:47:07.857Z", 
        "app_name": "storageadmin", 
        "migration": "0006_auto__add_oauthapp"
    }
},
{
    "pk": 8, 
    "model": "south.migrationhistory", 
    "fields": {
        "applied": "2015-09-28T10:47:07.906Z", 
        "app_name": "storageadmin", 
        "migration": "0007_auto__add_field_appliance_client_id__add_field_appliance_client_secret"
    }
},
{
    "pk": 9, 
    "model": "south.migrationhistory", 
    "fields": {
        "applied": "2015-09-28T10:47:07.953Z", 
        "app_name": "storageadmin", 
        "migration": "0008_auto__add_field_user_public_key"
    }
},
{
    "pk": 10, 
    "model": "south.migrationhistory", 
    "fields": {
        "applied": "2015-09-28T10:47:08.016Z", 
        "app_name": "storageadmin", 
        "migration": "0009_auto__del_field_sambashare_admin_users"
    }
},
{
    "pk": 11, 
    "model": "south.migrationhistory", 
    "fields": {
        "applied": "2015-09-28T10:47:08.081Z", 
        "app_name": "storageadmin", 
        "migration": "0010_auto__add_field_disk_btrfs_uuid"
    }
},
{
    "pk": 12, 
    "model": "south.migrationhistory", 
    "fields": {
        "applied": "2015-09-28T10:47:08.200Z", 
        "app_name": "storageadmin", 
        "migration": "0011_auto__add_netatalkshare"
    }
},
{
    "pk": 13, 
    "model": "south.migrationhistory", 
    "fields": {
        "applied": "2015-09-28T10:47:08.391Z", 
        "app_name": "storageadmin", 
        "migration": "0012_auto__add_field_disk_model__add_field_disk_serial__add_field_disk_tran"
    }
},
{
    "pk": 14, 
    "model": "south.migrationhistory", 
    "fields": {
        "applied": "2015-09-28T10:47:08.507Z", 
        "app_name": "storageadmin", 
        "migration": "0013_auto__add_field_user_shell__add_field_user_homedir__add_field_user_ema"
    }
},
{
    "pk": 15, 
    "model": "south.migrationhistory", 
    "fields": {
        "applied": "2015-09-28T10:47:08.620Z", 
        "app_name": "storageadmin", 
        "migration": "0014_auto__add_group"
    }
},
{
    "pk": 16, 
    "model": "south.migrationhistory", 
    "fields": {
        "applied": "2015-09-28T10:47:08.728Z", 
        "app_name": "storageadmin", 
        "migration": "0015_auto__add_field_user_group"
    }
},
{
    "pk": 17, 
    "model": "south.migrationhistory", 
    "fields": {
        "applied": "2015-09-28T10:47:09.104Z", 
        "app_name": "storageadmin", 
        "migration": "0016_auto__del_field_poolscrub_errors__add_field_poolscrub_data_extents_scr"
    }
},
{
    "pk": 18, 
    "model": "south.migrationhistory", 
    "fields": {
        "applied": "2015-09-28T10:47:09.162Z", 
        "app_name": "storageadmin", 
        "migration": "0017_auto__add_field_pool_compression__add_field_pool_mnt_options"
    }
},
{
    "pk": 19, 
    "model": "south.migrationhistory", 
    "fields": {
        "applied": "2015-09-28T10:47:09.220Z", 
        "app_name": "storageadmin", 
        "migration": "0018_auto__add_field_share_compression_algo"
    }
},
{
    "pk": 20, 
    "model": "south.migrationhistory", 
    "fields": {
        "applied": "2015-09-28T10:47:09.304Z", 
        "app_name": "storageadmin", 
        "migration": "0019_auto__add_poolbalance"
    }
},
{
    "pk": 21, 
    "model": "south.migrationhistory", 
    "fields": {
        "applied": "2015-09-28T10:47:09.379Z", 
        "app_name": "storageadmin", 
        "migration": "0020_auto__add_sambacustomconfig"
    }
},
{
    "pk": 22, 
    "model": "south.migrationhistory", 
    "fields": {
        "applied": "2015-09-28T10:47:09.440Z", 
        "app_name": "storageadmin", 
        "migration": "0021_auto__del_field_sambashare_create_mask"
    }
},
{
    "pk": 23, 
    "model": "south.migrationhistory", 
    "fields": {
        "applied": "2015-09-28T10:47:09.625Z", 
        "app_name": "storageadmin", 
        "migration": "0022_auto__add_dvolume__add_unique_dvolume_container_dest_dir__add_containe"
    }
},
{
    "pk": 24, 
    "model": "south.migrationhistory", 
    "fields": {
        "applied": "2015-09-28T10:47:09.744Z", 
        "app_name": "storageadmin", 
        "migration": "0023_auto__add_tlscertificate"
    }
},
{
    "pk": 25, 
    "model": "south.migrationhistory", 
    "fields": {
        "applied": "2015-09-28T10:47:09.973Z", 
        "app_name": "storageadmin", 
        "migration": "0024_auto__add_smarttestlogdetail__add_smartinfo__add_smarttestlog__add_sma"
    }
},
{
    "pk": 26, 
    "model": "south.migrationhistory", 
    "fields": {
        "applied": "2015-09-28T10:47:10.098Z", 
        "app_name": "storageadmin", 
        "migration": "0025_auto__add_field_dport_uiport"
    }
},
{
    "pk": 27, 
    "model": "south.migrationhistory", 
    "fields": {
        "applied": "2015-09-28T10:47:10.225Z", 
        "app_name": "storageadmin", 
        "migration": "0026_auto__chg_field_rockon_state__chg_field_rockon_version"
    }
},
{
    "pk": 28, 
    "model": "south.migrationhistory", 
    "fields": {
        "applied": "2015-09-28T10:47:10.332Z", 
        "app_name": "storageadmin", 
        "migration": "0027_auto__chg_field_rockon_status"
    }
},
{
    "pk": 29, 
    "model": "south.migrationhistory", 
    "fields": {
        "applied": "2015-09-28T10:47:10.502Z", 
        "app_name": "storageadmin", 
        "migration": "0028_auto__add_field_snapshot_rusage__add_field_snapshot_eusage__add_field_"
    }
},
{
    "pk": 30, 
    "model": "south.migrationhistory", 
    "fields": {
        "applied": "2015-09-28T10:47:10.761Z", 
        "app_name": "storageadmin", 
        "migration": "0029_auto__add_dcontainerlink__add_unique_dcontainerlink_destination_name__"
    }
},
{
    "pk": 31, 
    "model": "south.migrationhistory", 
    "fields": {
        "applied": "2015-09-28T10:47:10.886Z", 
        "app_name": "storageadmin", 
        "migration": "0030_auto__add_field_share_pqgroup"
    }
},
{
    "pk": 32, 
    "model": "south.migrationhistory", 
    "fields": {
        "applied": "2015-09-28T10:47:11.110Z", 
        "app_name": "storageadmin", 
        "migration": "0031_auto__add_configbackup"
    }
},
{
    "pk": 33, 
    "model": "south.migrationhistory", 
    "fields": {
        "applied": "2015-09-28T10:47:11.409Z", 
        "app_name": "storageadmin", 
        "migration": "0032_auto__add_emailclient__chg_field_snapshot_toc__chg_field_configbackup_"
    }
},
{
    "pk": 34, 
    "model": "south.migrationhistory", 
    "fields": {
        "applied": "2015-09-28T10:47:11.641Z", 
        "app_name": "storageadmin", 
        "migration": "0033_auto__del_field_poolbalance_pid__add_field_poolbalance_tid__add_field_"
    }
},
{
    "pk": 35, 
    "model": "south.migrationhistory", 
    "fields": {
        "applied": "2015-09-28T10:47:11.791Z", 
        "app_name": "storageadmin", 
        "migration": "0034_auto__chg_field_tlscertificate_name"
    }
},
{
    "pk": 36, 
    "model": "south.migrationhistory", 
    "fields": {
        "applied": "2015-09-28T10:47:12.084Z", 
        "app_name": "storageadmin", 
        "migration": "0035_auto__del_field_networkinterface_domain__del_field_networkinterface_bo"
    }
},
{
    "pk": 37, 
    "model": "south.migrationhistory", 
    "fields": {
        "applied": "2015-09-28T10:47:12.213Z", 
        "app_name": "storageadmin", 
        "migration": "0036_auto__add_field_sambashare_shadow_copy__add_field_sambashare_snapshot_"
    }
},
{
    "pk": 38, 
    "model": "south.migrationhistory", 
    "fields": {
        "applied": "2015-09-28T10:47:12.382Z", 
        "app_name": "storageadmin", 
        "migration": "0037_auto__chg_field_networkinterface_autoconnect__chg_field_networkinterfa"
    }
},
{
    "pk": 39, 
    "model": "south.migrationhistory", 
    "fields": {
        "applied": "2015-09-28T10:47:13.619Z", 
        "app_name": "django_ztask", 
        "migration": "0001_initial"
    }
},
{
    "pk": 40, 
    "model": "south.migrationhistory", 
    "fields": {
        "applied": "2015-09-28T10:47:13.626Z", 
        "app_name": "django_ztask", 
        "migration": "0002_auto__add_field_task_created"
    }
},
{
    "pk": 1, 
    "model": "oauth2_provider.application", 
    "fields": {
        "redirect_uris": "", 
        "name": "cliapp", 
        "client_type": "confidential", 
        "user": [
            "admin"
        ], 
        "client_id": "1H!hhg7XRuV4KoooqrQRnE4hdaq1bajbSBn2!ZsE", 
        "client_secret": "aeQN@?tiVQHE:BQhe.t8s?58BrruAR9TZ;Z;NuOo3DnGY489Jq_jDuB4L4Q.w?a4pjS1D4hKSzaG5cQB7y0FJeNBGMhrkoyMZqO0QIiWo!;zbPX!RRLpg.0amz.;vf9W", 
        "authorization_grant_type": "client-credentials"
    }
},
{
    "pk": 1, 
    "model": "oauth2_provider.accesstoken", 
    "fields": {
        "application": 1, 
        "token": "Sab1X8OhBM22MaN7Ozo8WOm4c2MMXm", 
        "expires": "2015-09-28T21:02:56.905Z", 
        "user": [
            "admin"
        ], 
        "scope": "read write"
    }
}
]
