[
{
    "pk": 1, 
    "model": "auth.user", 
    "fields": {
        "username": "admin", 
        "first_name": "", 
        "last_name": "", 
        "is_active": true, 
        "is_superuser": false, 
        "is_staff": false, 
        "last_login": "2015-09-09T13:42:15.747Z", 
        "groups": [], 
        "user_permissions": [], 
        "password": "pbkdf2_sha256$12000$dNhX8YLKcowR$zFznR0gJDjF+HhJ2cLvvj4nhHINR4SdwzDfDellHl0E=", 
        "email": "", 
        "date_joined": "2015-09-08T11:00:53.359Z"
    }
},
{
    "pk": "tgldm5nmpp5n7f6xdlptjzgjccwfhjc3", 
    "model": "sessions.session", 
    "fields": {
        "expire_date": "2015-09-23T13:42:15.791Z", 
        "session_data": "NjY3MGEzMTNmYmFmNzQxMGIzZTcxNTgxNDZlNTE5OWU3Mzc3OTJkMTp7Il9hdXRoX3VzZXJfYmFja2VuZCI6ImRqYW5nby5jb250cmliLmF1dGguYmFja2VuZHMuTW9kZWxCYWNrZW5kIiwiX2F1dGhfdXNlcl9pZCI6MX0="
    }
},
{
    "pk": 1, 
    "model": "sites.site", 
    "fields": {
        "domain": "example.com", 
        "name": "example.com"
    }
},
{
    "pk": 1, 
    "model": "storageadmin.pool", 
    "fields": {
        "raid": "single", 
        "compression": null, 
        "uuid": "54451c3d-ab13-4ac1-8f5d-9856ae4e301f", 
        "name": "rockstor_rockstor", 
        "mnt_options": null, 
        "toc": "2015-09-16T10:12:30.744Z", 
        "size": 8924160
    }
},
{
    "pk": 5, 
    "model": "storageadmin.pool", 
    "fields": {
        "raid": "raid0", 
        "compression": "no", 
        "uuid": "e3aa3b28-2447-4529-8f8e-aae5c10ebeb4", 
        "name": "pool1", 
        "mnt_options": "", 
        "toc": "2015-09-16T10:24:37.927Z", 
        "size": 4194304
    }
},
{
    "pk": 1, 
    "model": "storageadmin.disk", 
    "fields": {
        "smart_enabled": false, 
        "parted": false, 
        "btrfs_uuid": null, 
        "vendor": "ATA", 
        "name": "sdd", 
        "smart_available": false, 
        "transport": "sata", 
        "serial": "VB1945a3ed-31b3ab82", 
        "offline": false, 
        "model": "VBOX HARDDISK", 
        "pool": null, 
        "size": 1048576
    }
},
{
    "pk": 2, 
    "model": "storageadmin.disk", 
    "fields": {
        "smart_enabled": false, 
        "parted": false, 
        "btrfs_uuid": null, 
        "vendor": "ATA", 
        "name": "sde", 
        "smart_available": false, 
        "transport": "sata", 
        "serial": "VB14fccd25-e8d02a77", 
        "offline": false, 
        "model": "VBOX HARDDISK", 
        "pool": null, 
        "size": 1048576
    }
},
{
    "pk": 3, 
    "model": "storageadmin.disk", 
    "fields": {
        "smart_enabled": false, 
        "parted": false, 
        "btrfs_uuid": null, 
        "vendor": "ATA", 
        "name": "sdf", 
        "smart_available": false, 
        "transport": "sata", 
        "serial": "VB42c95b46-455382af", 
        "offline": false, 
        "model": "VBOX HARDDISK", 
        "pool": null, 
        "size": 1048576
    }
},
{
    "pk": 4, 
    "model": "storageadmin.disk", 
    "fields": {
        "smart_enabled": false, 
        "parted": false, 
        "btrfs_uuid": null, 
        "vendor": "ATA", 
        "name": "sdg", 
        "smart_available": false, 
        "transport": "sata", 
        "serial": "VBcf40ee7e-a6edc53e", 
        "offline": false, 
        "model": "VBOX HARDDISK", 
        "pool": null, 
        "size": 2097152
    }
},
{
    "pk": 5, 
    "model": "storageadmin.disk", 
    "fields": {
        "smart_enabled": false, 
        "parted": false, 
        "btrfs_uuid": "54451c3d-ab13-4ac1-8f5d-9856ae4e301f", 
        "vendor": null, 
        "name": "sda3", 
        "smart_available": false, 
        "transport": null, 
        "serial": "VBa9aea2b9-befbd956", 
        "offline": false, 
        "model": null, 
        "pool": 1, 
        "size": 8912896
    }
},
{
    "pk": 6, 
    "model": "storageadmin.disk", 
    "fields": {
        "smart_enabled": false, 
        "parted": false, 
        "btrfs_uuid": null, 
        "vendor": "ATA", 
        "name": "sdb", 
        "smart_available": false, 
        "transport": "sata", 
        "serial": "VBaae151b9-6b642c81", 
        "offline": false, 
        "model": "VBOX HARDDISK", 
        "pool": 5, 
        "size": 2097152
    }
},
{
    "pk": 7, 
    "model": "storageadmin.disk", 
    "fields": {
        "smart_enabled": false, 
        "parted": false, 
        "btrfs_uuid": null, 
        "vendor": "ATA", 
        "name": "sdc", 
        "smart_available": false, 
        "transport": "sata", 
        "serial": "VB9acc307b-68ae0871", 
        "offline": false, 
        "model": "VBOX HARDDISK", 
        "pool": 5, 
        "size": 2097152
    }
},
{
    "pk": 8, 
    "model": "storageadmin.disk", 
    "fields": {
        "smart_enabled": false, 
        "parted": false, 
        "btrfs_uuid": null, 
        "vendor": "ATA", 
        "name": "sdh", 
        "smart_available": false, 
        "transport": "sata", 
        "serial": "VB7afbbbd1-52a74cd5", 
        "offline": false, 
        "model": "VBOX HARDDISK", 
        "pool": null, 
        "size": 2097152
    }
},
{
    "pk": 9, 
    "model": "storageadmin.disk", 
    "fields": {
        "smart_enabled": false, 
        "parted": false, 
        "btrfs_uuid": null, 
        "vendor": "ATA", 
        "name": "sdi", 
        "smart_available": false, 
        "transport": "sata", 
        "serial": "VBfb6fa79a-a2967e37", 
        "offline": false, 
        "model": "VBOX HARDDISK", 
        "pool": null, 
        "size": 2097152
    }
},
{
    "pk": 10, 
    "model": "storageadmin.disk", 
    "fields": {
        "smart_enabled": false, 
        "parted": false, 
        "btrfs_uuid": null, 
        "vendor": "ATA", 
        "name": "sdj", 
        "smart_available": false, 
        "transport": "sata", 
        "serial": "VB116fde28-bb13e8a0", 
        "offline": false, 
        "model": "VBOX HARDDISK", 
        "pool": null, 
        "size": 2097152
    }
},
{
    "pk": 11, 
    "model": "storageadmin.disk", 
    "fields": {
        "smart_enabled": false, 
        "parted": false, 
        "btrfs_uuid": null, 
        "vendor": "ATA", 
        "name": "sdk", 
        "smart_available": false, 
        "transport": "sata", 
        "serial": "VB889b6152-427b8acd", 
        "offline": false, 
        "model": "VBOX HARDDISK", 
        "pool": null, 
        "size": 2097152
    }
},
{
    "pk": 3, 
    "model": "storageadmin.share", 
    "fields": {
        "group": "root", 
        "name": "home", 
        "perms": "755", 
        "pqgroup": "2015/1870", 
        "eusage": 16, 
        "uuid": null, 
        "compression_algo": null, 
        "owner": "root", 
        "replica": false, 
        "qgroup": "0/257", 
        "toc": "2015-09-16T10:12:30.854Z", 
        "subvol_name": "home", 
        "rusage": 16, 
        "pool": 1, 
        "size": 8924160
    }
},
{
    "pk": 4, 
    "model": "storageadmin.share", 
    "fields": {
        "group": "root", 
        "name": "clone1", 
        "perms": "755", 
        "pqgroup": "2015/1871", 
        "eusage": 16, 
        "uuid": null, 
        "compression_algo": null, 
        "owner": "root", 
        "replica": false, 
        "qgroup": "0/272", 
        "toc": "2015-09-16T10:12:30.880Z", 
        "subvol_name": "clone1", 
        "rusage": 16, 
        "pool": 1, 
        "size": 8924160
    }
},
{
    "pk": 5, 
    "model": "storageadmin.share", 
    "fields": {
        "group": "root", 
        "name": "root", 
        "perms": "755", 
        "pqgroup": "2015/1872", 
        "eusage": 2243952, 
        "uuid": null, 
        "compression_algo": null, 
        "owner": "root", 
        "replica": false, 
        "qgroup": "0/258", 
        "toc": "2015-09-16T10:12:30.947Z", 
        "subvol_name": "root", 
        "rusage": 2243952, 
        "pool": 1, 
        "size": 8924160
    }
},
{
    "pk": 6, 
    "model": "storageadmin.share", 
    "fields": {
        "group": "root", 
        "name": "clone", 
        "perms": "755", 
        "pqgroup": "2015/1873", 
        "eusage": 16, 
        "uuid": null, 
        "compression_algo": null, 
        "owner": "root", 
        "replica": false, 
        "qgroup": "0/280", 
        "toc": "2015-09-16T10:12:31.023Z", 
        "subvol_name": "clone", 
        "rusage": 16, 
        "pool": 1, 
        "size": 8924160
    }
},
{
    "pk": 7, 
    "model": "storageadmin.share", 
    "fields": {
        "group": "root", 
        "name": "Co", 
        "perms": "755", 
        "pqgroup": "2015/1874", 
        "eusage": 16, 
        "uuid": null, 
        "compression_algo": null, 
        "owner": "root", 
        "replica": false, 
        "qgroup": "0/263", 
        "toc": "2015-09-16T10:12:31.067Z", 
        "subvol_name": "Co", 
        "rusage": 16, 
        "pool": 1, 
        "size": 8924160
    }
},
{
    "pk": 10, 
    "model": "storageadmin.share", 
    "fields": {
        "group": "root", 
        "name": "share1", 
        "perms": "755", 
        "pqgroup": "2015/1", 
        "eusage": 0, 
        "uuid": null, 
        "compression_algo": "no", 
        "owner": "root", 
        "replica": false, 
        "qgroup": "0/258", 
        "toc": "2015-09-16T10:24:48.740Z", 
        "subvol_name": "share1", 
        "rusage": 0, 
        "pool": 5, 
        "size": 1048576
    }
},
{
    "pk": 11, 
    "model": "storageadmin.share", 
    "fields": {
        "group": "admin", 
        "name": "share2", 
        "perms": "755", 
        "pqgroup": "2015/2", 
        "eusage": 0, 
        "uuid": null, 
        "compression_algo": "no", 
        "owner": "admin", 
        "replica": false, 
        "qgroup": "0/259", 
        "toc": "2015-09-16T10:25:24.350Z", 
        "subvol_name": "share2", 
        "rusage": 0, 
        "pool": 5, 
        "size": 1048576
    }
},
{
    "pk": 12, 
    "model": "storageadmin.share", 
    "fields": {
        "group": "admin", 
        "name": "share3", 
        "perms": "755", 
        "pqgroup": "2015/3", 
        "eusage": 0, 
        "uuid": null, 
        "compression_algo": "no", 
        "owner": "admin", 
        "replica": false, 
        "qgroup": "0/260", 
        "toc": "2015-09-16T10:26:15.589Z", 
        "subvol_name": "share3", 
        "rusage": 0, 
        "pool": 5, 
        "size": 1048576
    }
},
{
    "pk": 1, 
    "model": "storageadmin.appliance", 
    "fields": {
        "current_appliance": true, 
        "uuid": "000a0f02-4115e099-b308-464e-adaf-c5514a197251", 
        "mgmt_port": 443, 
        "ip": "10.0.3.15", 
        "hostname": "Rockstor", 
        "client_id": null, 
        "client_secret": null
    }
},
{
    "pk": 1, 
    "model": "storageadmin.networkinterface", 
    "fields": {
        "autoconnect": "yes", 
        "dns_servers": null, 
        "itype": "io", 
        "name": "enp0s3", 
        "state": null, 
        "dname": null, 
        "dtype": null, 
        "dspeed": null, 
        "ipaddr": "192.168.56.101", 
        "netmask": null, 
        "ctype": null, 
        "gateway": null, 
        "mac": "08:00:27:f6:2c:85", 
        "method": "auto"
    }
},
{
    "pk": 2, 
    "model": "storageadmin.networkinterface", 
    "fields": {
        "autoconnect": "yes", 
        "dns_servers": null, 
        "itype": "management", 
        "name": "enp0s8", 
        "state": null, 
        "dname": null, 
        "dtype": null, 
        "dspeed": null, 
        "ipaddr": "10.0.3.15", 
        "netmask": null, 
        "ctype": null, 
        "gateway": null, 
        "mac": "08:00:27:ba:4b:88", 
        "method": "auto"
    }
},
{
    "pk": 1, 
    "model": "storageadmin.group", 
    "fields": {
        "admin": true, 
        "groupname": "admin", 
        "gid": 1000
    }
},
{
    "pk": 2, 
    "model": "storageadmin.group", 
    "fields": {
        "admin": true, 
        "groupname": "admin2", 
        "gid": 1001
    }
},
{
    "pk": 1, 
    "model": "storageadmin.user", 
    "fields": {
        "username": "admin", 
        "public_key": null, 
        "shell": "/bin/bash", 
        "group": 1, 
        "uid": 1000, 
        "admin": true, 
        "gid": 1000, 
        "user": [
            "admin"
        ], 
        "smb_shares": [], 
        "email": null, 
        "homedir": "/home/admin"
    }
},
{
    "pk": 2, 
    "model": "storageadmin.user", 
    "fields": {
        "username": "admin2", 
        "public_key": null, 
        "shell": "/bin/bash", 
        "group": 2, 
        "uid": 1001, 
        "admin": false, 
        "gid": 1001, 
        "user": null, 
        "smb_shares": [], 
        "email": null, 
        "homedir": "/home/admin2"
    }
},
{
    "pk": 1, 
    "model": "storageadmin.setup", 
    "fields": {
        "setup_network": false, 
        "setup_user": true, 
        "setup_disks": false, 
        "setup_system": true
    }
},
{
    "pk": 4, 
    "model": "storageadmin.sftp", 
    "fields": {
        "editable": "rw", 
        "share": 11
    }
},
{
    "pk": 1, 
    "model": "storageadmin.plugin", 
    "fields": {
        "display_name": "Backup", 
        "css_file_name": "backup", 
        "description": "Backup Server functionality", 
        "js_file_name": "backup", 
        "key": "", 
        "name": "backup"
    }
},
{
    "pk": 5, 
    "model": "storageadmin.advancednfsexport", 
    "fields": {
        "export_str": "/export/share2 *.edu(rw,async,insecure)"
    }
},
{
    "pk": 1, 
    "model": "storageadmin.oauthapp", 
    "fields": {
        "application": 1, 
        "name": "cliapp", 
        "user": 1
    }
},
{
    "pk": 1, 
    "model": "storageadmin.rockon", 
    "fields": {
        "status": "stopped", 
        "website": "https://www.getsync.com/", 
        "volume_add_support": true, 
        "name": "BTSync", 
        "more_info": "<h4>Authentication</h4><p>Default username for your BTSync UI is<code>admin</code>and password is<code>password</code></p><h4>Storage</h4><p>You can also assign additional Shares for custom organization of your data.</p>", 
        "state": "available", 
        "version": "1.0", 
        "link": "", 
        "https": false, 
        "ui": true, 
        "icon": null, 
        "description": "BitTorrent Sync"
    }
},
{
    "pk": 2, 
    "model": "storageadmin.rockon", 
    "fields": {
        "status": "stopped", 
        "website": "http://www.transmissionbt.com/", 
        "volume_add_support": false, 
        "name": "Transmission", 
        "more_info": null, 
        "state": "available", 
        "version": "1.0", 
        "link": "", 
        "https": false, 
        "ui": true, 
        "icon": null, 
        "description": "Open Source BitTorrent client"
    }
},
{
    "pk": 3, 
    "model": "storageadmin.rockon", 
    "fields": {
        "status": "stopped", 
        "website": "https://plex.tv/", 
        "volume_add_support": true, 
        "name": "Plex", 
        "more_info": "<h4>Adding more media to Plex.</h4><p>You can add more Shares(with media) to Plex from the settings wizard of this Rock-on. Then, from Plex WebUI, you can update and re-index your library.</p>", 
        "state": "available", 
        "version": "1.0", 
        "link": "web", 
        "https": false, 
        "ui": true, 
        "icon": null, 
        "description": "Plex media server"
    }
},
{
    "pk": 4, 
    "model": "storageadmin.rockon", 
    "fields": {
        "status": "stopped", 
        "website": "https://owncloud.org/", 
        "volume_add_support": false, 
        "name": "OwnCloud", 
        "more_info": "<p>Default username for your OwnCloud UI is<code>admin</code>and password is<code>changeme</code></p>", 
        "state": "available", 
        "version": "1.0", 
        "link": "", 
        "https": true, 
        "ui": true, 
        "icon": "https://owncloud.org/wp-content/themes/owncloudorgnew/assets/img/common/logo_owncloud.svg", 
        "description": "Secure file sharing and hosting"
    }
},
{
    "pk": 5, 
    "model": "storageadmin.rockon", 
    "fields": {
        "status": "stopped", 
        "website": "https://openvpn.net/", 
        "volume_add_support": false, 
        "name": "OpenVPN", 
        "more_info": "<h4>Additional steps are required by this Rock-on.</h4><p>Run these following commands as the<code>root</code>user on your Rockstor system, i.e., via a ssh console.</p><h4><u>Initialize PKI</u>&nbsp;&nbsp;&nbsp;&nbsp;<i>The OpenVPN Rock-on will not start without it.</i></h4><code>/opt/rockstor/bin/ovpn-initpki</code><h4><u>Generate a client certificate</u>&nbsp;&nbsp;&nbsp;&nbsp;<i>One for every client</i></h4><code>/opt/rockstor/bin/ovpn-client-gen</code><br><h4><u>Retrieve client configuration</u>&nbsp;&nbsp;&nbsp;&nbsp<i>For any one of your clients. The resulting .ovpn file can be used to connect to this OpenVPN server.</i></h4><code>/opt/rockstor/bin/ovpn-client-print</code><h4><u>Configure firewall</u></h4><p>If your Rockstor system is behind a firewall, you will need to configure it to allow OpenVPN traffic to forward to your Rockstor system.</p>", 
        "state": "available", 
        "version": "1.0", 
        "link": null, 
        "https": false, 
        "ui": false, 
        "icon": "https://openvpn.net/", 
        "description": "Open Source VPN server"
    }
},
{
    "pk": 6, 
    "model": "storageadmin.rockon", 
    "fields": {
        "status": "stopped", 
        "website": "https://syncthing.net/", 
        "volume_add_support": true, 
        "name": "Syncthing", 
        "more_info": null, 
        "state": "available", 
        "version": "1.0", 
        "link": "", 
        "https": true, 
        "ui": true, 
        "icon": null, 
        "description": "Continuous File Synchronization"
    }
},
{
    "pk": 1, 
    "model": "storageadmin.dimage", 
    "fields": {
        "repo": "na", 
        "tag": "latest", 
        "name": "aostanin/btsync"
    }
},
{
    "pk": 2, 
    "model": "storageadmin.dimage", 
    "fields": {
        "repo": "na", 
        "tag": "latest", 
        "name": "dperson/transmission"
    }
},
{
    "pk": 3, 
    "model": "storageadmin.dimage", 
    "fields": {
        "repo": "na", 
        "tag": "latest", 
        "name": "timhaak/plex"
    }
},
{
    "pk": 4, 
    "model": "storageadmin.dimage", 
    "fields": {
        "repo": "na", 
        "tag": "latest", 
        "name": "postgres"
    }
},
{
    "pk": 5, 
    "model": "storageadmin.dimage", 
    "fields": {
        "repo": "na", 
        "tag": "latest", 
        "name": "pschmitt/owncloud"
    }
},
{
    "pk": 6, 
    "model": "storageadmin.dimage", 
    "fields": {
        "repo": "na", 
        "tag": "latest", 
        "name": "busybox"
    }
},
{
    "pk": 7, 
    "model": "storageadmin.dimage", 
    "fields": {
        "repo": "na", 
        "tag": "latest", 
        "name": "kylemanna/openvpn"
    }
},
{
    "pk": 8, 
    "model": "storageadmin.dimage", 
    "fields": {
        "repo": "na", 
        "tag": "latest", 
        "name": "istepanov/syncthing"
    }
},
{
    "pk": 1, 
    "model": "storageadmin.dcontainer", 
    "fields": {
        "launch_order": 1, 
        "rockon": 1, 
        "dimage": 1, 
        "name": "btsync"
    }
},
{
    "pk": 2, 
    "model": "storageadmin.dcontainer", 
    "fields": {
        "launch_order": 1, 
        "rockon": 2, 
        "dimage": 2, 
        "name": "transmission"
    }
},
{
    "pk": 3, 
    "model": "storageadmin.dcontainer", 
    "fields": {
        "launch_order": 1, 
        "rockon": 3, 
        "dimage": 3, 
        "name": "plex"
    }
},
{
    "pk": 4, 
    "model": "storageadmin.dcontainer", 
    "fields": {
        "launch_order": 1, 
        "rockon": 4, 
        "dimage": 4, 
        "name": "owncloud-postgres"
    }
},
{
    "pk": 5, 
    "model": "storageadmin.dcontainer", 
    "fields": {
        "launch_order": 2, 
        "rockon": 4, 
        "dimage": 5, 
        "name": "owncloud"
    }
},
{
    "pk": 6, 
    "model": "storageadmin.dcontainer", 
    "fields": {
        "launch_order": 1, 
        "rockon": 5, 
        "dimage": 6, 
        "name": "ovpn-data"
    }
},
{
    "pk": 7, 
    "model": "storageadmin.dcontainer", 
    "fields": {
        "launch_order": 2, 
        "rockon": 5, 
        "dimage": 7, 
        "name": "openvpn"
    }
},
{
    "pk": 8, 
    "model": "storageadmin.dcontainer", 
    "fields": {
        "launch_order": 1, 
        "rockon": 6, 
        "dimage": 8, 
        "name": "syncthing"
    }
},
{
    "pk": 19, 
    "model": "storageadmin.dcontainerlink", 
    "fields": {
        "source": 4, 
        "destination": 5, 
        "name": "db"
    }
},
{
    "pk": 1, 
    "model": "storageadmin.dport", 
    "fields": {
        "container": 1, 
        "description": "BTSync WebUI port. Suggested default: 8888", 
        "uiport": true, 
        "hostp_default": 8888, 
        "label": "WebUI port", 
        "hostp": 8888, 
        "protocol": "tcp", 
        "containerp": 8888
    }
},
{
    "pk": 2, 
    "model": "storageadmin.dport", 
    "fields": {
        "container": 1, 
        "description": "Port for incoming data. You may need to open it(protocol: udp) on your firewall. Suggested default: 3369.", 
        "uiport": false, 
        "hostp_default": 3369, 
        "label": "Listening port", 
        "hostp": 3369, 
        "protocol": null, 
        "containerp": 3369
    }
},
{
    "pk": 3, 
    "model": "storageadmin.dport", 
    "fields": {
        "container": 2, 
        "description": "Transmission WebUI port. Suggested default: 9091", 
        "uiport": true, 
        "hostp_default": 9091, 
        "label": "WebUI port", 
        "hostp": 9091, 
        "protocol": "tcp", 
        "containerp": 9091
    }
},
{
    "pk": 4, 
    "model": "storageadmin.dport", 
    "fields": {
        "container": 2, 
        "description": "Port used to share the file being downloaded. You may need to open it(protocol: tcp and udp) on your firewall. Suggested default: 51413.", 
        "uiport": false, 
        "hostp_default": 51413, 
        "label": "Sharing port", 
        "hostp": 51413, 
        "protocol": null, 
        "containerp": 51413
    }
},
{
    "pk": 5, 
    "model": "storageadmin.dport", 
    "fields": {
        "container": 3, 
        "description": "Plex WebUI port. Suggested default: 32400", 
        "uiport": true, 
        "hostp_default": 32400, 
        "label": "WebUI port", 
        "hostp": 32400, 
        "protocol": "tcp", 
        "containerp": 32400
    }
},
{
    "pk": 6, 
    "model": "storageadmin.dport", 
    "fields": {
        "container": 5, 
        "description": "OwnCloud WebUI port. Suggested default: 8080", 
        "uiport": true, 
        "hostp_default": 8080, 
        "label": "WebUI port", 
        "hostp": 8080, 
        "protocol": "tcp", 
        "containerp": 443
    }
},
{
    "pk": 7, 
    "model": "storageadmin.dport", 
    "fields": {
        "container": 7, 
        "description": "OpenVPN server listening port. You may need to open it on your firewall.", 
        "uiport": false, 
        "hostp_default": 1194, 
        "label": "Server port", 
        "hostp": 1194, 
        "protocol": "udp", 
        "containerp": 1194
    }
},
{
    "pk": 8, 
    "model": "storageadmin.dport", 
    "fields": {
        "container": 8, 
        "description": "Port for incoming data. You may need to open it(protocol: tcp) on your firewall. Suggested default: 22000.", 
        "uiport": false, 
        "hostp_default": 22000, 
        "label": "Listening port", 
        "hostp": 22000, 
        "protocol": "tcp", 
        "containerp": 22000
    }
},
{
    "pk": 9, 
    "model": "storageadmin.dport", 
    "fields": {
        "container": 8, 
        "description": "Syncthing WebUI port. Suggested default: 8384.", 
        "uiport": true, 
        "hostp_default": 8384, 
        "label": "WebUI port", 
        "hostp": 8384, 
        "protocol": "tcp", 
        "containerp": 8384
    }
},
{
    "pk": 10, 
    "model": "storageadmin.dport", 
    "fields": {
        "container": 8, 
        "description": "Port for discovery broadcasts. You may need to open it(protocol: udp) on your firewall. Suggested default: 21025.", 
        "uiport": false, 
        "hostp_default": 21025, 
        "label": "Discovery port", 
        "hostp": 21025, 
        "protocol": "udp", 
        "containerp": 21025
    }
},
{
    "pk": 1, 
    "model": "storageadmin.dvolume", 
    "fields": {
        "container": 1, 
        "description": "Choose a Share for all incoming data. Eg: create a Share called btsync-data for this purpose alone. It will be available as /data inside BTSync.", 
        "uservol": false, 
        "share": null, 
        "label": "Data Storage", 
        "min_size": null, 
        "dest_dir": "/data"
    }
},
{
    "pk": 2, 
    "model": "storageadmin.dvolume", 
    "fields": {
        "container": 2, 
        "description": "Choose a Share where Transmission will save all of it's files including your downloads. Eg: create a Share called transmission-rockon.", 
        "uservol": false, 
        "share": null, 
        "label": "Data Storage", 
        "min_size": null, 
        "dest_dir": "/var/lib/transmission-daemon"
    }
},
{
    "pk": 3, 
    "model": "storageadmin.dvolume", 
    "fields": {
        "container": 3, 
        "description": "Choose a Share for Plex configuration. Eg: create a Share called plex-config for this purpose alone.", 
        "uservol": false, 
        "share": null, 
        "label": "Config Storage", 
        "min_size": null, 
        "dest_dir": "/config"
    }
},
{
    "pk": 4, 
    "model": "storageadmin.dvolume", 
    "fields": {
        "container": 3, 
        "description": "Choose a Share for Plex content(your media). Eg: create a Share called plex-data for this purpose alone. You can also assign other media Shares on the system after installation.", 
        "uservol": false, 
        "share": null, 
        "label": "Data Storage", 
        "min_size": null, 
        "dest_dir": "/data"
    }
},
{
    "pk": 5, 
    "model": "storageadmin.dvolume", 
    "fields": {
        "container": 4, 
        "description": "Choose a Share for OwnCloud's postgresql database. Eg: create a Share called owncloud-db for this purpose alone.", 
        "uservol": false, 
        "share": null, 
        "label": "DB Storage", 
        "min_size": 1073741824, 
        "dest_dir": "/var/lib/postgresql/data"
    }
},
{
    "pk": 6, 
    "model": "storageadmin.dvolume", 
    "fields": {
        "container": 5, 
        "description": "Choose a Share for OwnCloud data. Eg: create a Share called owncloud-data for this purpose alone.", 
        "uservol": false, 
        "share": null, 
        "label": "Data Storage", 
        "min_size": 1073741824, 
        "dest_dir": "/var/www/owncloud/data"
    }
},
{
    "pk": 7, 
    "model": "storageadmin.dvolume", 
    "fields": {
        "container": 5, 
        "description": "Choose a Share for OwnCloud configuration. Eg: create a Share called owncloud-config for this purpose alone.", 
        "uservol": false, 
        "share": null, 
        "label": "Config Storage", 
        "min_size": 1073741824, 
        "dest_dir": "/var/www/owncloud/config"
    }
},
{
    "pk": 8, 
    "model": "storageadmin.dvolume", 
    "fields": {
        "container": 8, 
        "description": "Choose a Share for all incoming data. Eg: create a Share called syncthing-data for this purpose alone.", 
        "uservol": false, 
        "share": null, 
        "label": "Data Storage", 
        "min_size": null, 
        "dest_dir": "/home/syncthing/Sync"
    }
},
{
    "pk": 9, 
    "model": "storageadmin.dvolume", 
    "fields": {
        "container": 8, 
        "description": "Choose a Share for configuration. Eg: create a Share called syncthing-config for this purpose alone.", 
        "uservol": false, 
        "share": null, 
        "label": "Config Storage", 
        "min_size": 1073741824, 
        "dest_dir": "/home/syncthing/.config/syncthing"
    }
},
{
    "pk": 1, 
    "model": "storageadmin.containeroption", 
    "fields": {
        "container": 3, 
        "name": "--net=host", 
        "val": ""
    }
},
{
    "pk": 2, 
    "model": "storageadmin.containeroption", 
    "fields": {
        "container": 6, 
        "name": "-v", 
        "val": "/etc/openvpn"
    }
},
{
    "pk": 3, 
    "model": "storageadmin.containeroption", 
    "fields": {
        "container": 7, 
        "name": "--cap-add=NET_ADMIN", 
        "val": ""
    }
},
{
    "pk": 4, 
    "model": "storageadmin.containeroption", 
    "fields": {
        "container": 7, 
        "name": "--volumes-from", 
        "val": "ovpn-data"
    }
},
{
    "pk": 1, 
    "model": "storageadmin.dcustomconfig", 
    "fields": {
        "rockon": 2, 
        "label": "WebUI password", 
        "val": null, 
        "key": "TRPASSWD", 
        "description": "Choose a login password for the Transmission WebUI."
    }
},
{
    "pk": 2, 
    "model": "storageadmin.dcustomconfig", 
    "fields": {
        "rockon": 2, 
        "label": "WebUI username", 
        "val": null, 
        "key": "TRUSER", 
        "description": "Choose a login username for Transmission WebUI."
    }
},
{
    "pk": 3, 
    "model": "storageadmin.dcustomconfig", 
    "fields": {
        "rockon": 4, 
        "label": "DB User", 
        "val": null, 
        "key": "db_user", 
        "description": "Choose a administrator username for the OwnCloud database."
    }
},
{
    "pk": 4, 
    "model": "storageadmin.dcustomconfig", 
    "fields": {
        "rockon": 4, 
        "label": "DB Password", 
        "val": null, 
        "key": "db_pw", 
        "description": "Choose a secure password for the database admin user"
    }
},
{
    "pk": 5, 
    "model": "storageadmin.dcustomconfig", 
    "fields": {
        "rockon": 5, 
        "label": "Server address", 
        "val": null, 
        "key": "servername", 
        "description": "Your Rockstor system's public ip address or hostname."
    }
},
{
    "pk": 1, 
    "model": "south.migrationhistory", 
    "fields": {
        "applied": "2014-02-27T04:51:28.513Z", 
        "app_name": "storageadmin", 
        "migration": "0001_initial"
    }
},
{
    "pk": 2, 
    "model": "south.migrationhistory", 
    "fields": {
        "applied": "2015-09-08T10:42:06.120Z", 
        "app_name": "storageadmin", 
        "migration": "0002_auto__del_poolstatistic__del_sharestatistic__chg_field_disk_size__chg_"
    }
},
{
    "pk": 3, 
    "model": "south.migrationhistory", 
    "fields": {
        "applied": "2015-09-08T10:42:06.203Z", 
        "app_name": "storageadmin", 
        "migration": "0003_auto__add_field_nfsexportgroup_admin_host"
    }
},
{
    "pk": 4, 
    "model": "south.migrationhistory", 
    "fields": {
        "applied": "2015-09-08T10:42:06.306Z", 
        "app_name": "storageadmin", 
        "migration": "0004_auto__add_advancednfsexport"
    }
},
{
    "pk": 5, 
    "model": "south.migrationhistory", 
    "fields": {
        "applied": "2015-09-08T10:42:06.390Z", 
        "app_name": "storageadmin", 
        "migration": "0005_auto__add_field_networkinterface_gateway__add_field_networkinterface_d"
    }
},
{
    "pk": 6, 
    "model": "south.migrationhistory", 
    "fields": {
        "applied": "2015-09-08T10:42:06.515Z", 
        "app_name": "oauth2_provider", 
        "migration": "0001_initial"
    }
},
{
    "pk": 7, 
    "model": "south.migrationhistory", 
    "fields": {
        "applied": "2015-09-08T10:42:06.631Z", 
        "app_name": "storageadmin", 
        "migration": "0006_auto__add_oauthapp"
    }
},
{
    "pk": 8, 
    "model": "south.migrationhistory", 
    "fields": {
        "applied": "2015-09-08T10:42:06.722Z", 
        "app_name": "storageadmin", 
        "migration": "0007_auto__add_field_appliance_client_id__add_field_appliance_client_secret"
    }
},
{
    "pk": 9, 
    "model": "south.migrationhistory", 
    "fields": {
        "applied": "2015-09-08T10:42:06.823Z", 
        "app_name": "storageadmin", 
        "migration": "0008_auto__add_field_user_public_key"
    }
},
{
    "pk": 10, 
    "model": "south.migrationhistory", 
    "fields": {
        "applied": "2015-09-08T10:42:06.904Z", 
        "app_name": "storageadmin", 
        "migration": "0009_auto__del_field_sambashare_admin_users"
    }
},
{
    "pk": 11, 
    "model": "south.migrationhistory", 
    "fields": {
        "applied": "2015-09-08T10:42:06.978Z", 
        "app_name": "storageadmin", 
        "migration": "0010_auto__add_field_disk_btrfs_uuid"
    }
},
{
    "pk": 12, 
    "model": "south.migrationhistory", 
    "fields": {
        "applied": "2015-09-08T10:42:07.057Z", 
        "app_name": "storageadmin", 
        "migration": "0011_auto__add_netatalkshare"
    }
},
{
    "pk": 13, 
    "model": "south.migrationhistory", 
    "fields": {
        "applied": "2015-09-08T10:42:07.112Z", 
        "app_name": "storageadmin", 
        "migration": "0012_auto__add_field_disk_model__add_field_disk_serial__add_field_disk_tran"
    }
},
{
    "pk": 14, 
    "model": "south.migrationhistory", 
    "fields": {
        "applied": "2015-09-08T10:42:07.200Z", 
        "app_name": "storageadmin", 
        "migration": "0013_auto__add_field_user_shell__add_field_user_homedir__add_field_user_ema"
    }
},
{
    "pk": 15, 
    "model": "south.migrationhistory", 
    "fields": {
        "applied": "2015-09-08T10:42:07.331Z", 
        "app_name": "storageadmin", 
        "migration": "0014_auto__add_group"
    }
},
{
    "pk": 16, 
    "model": "south.migrationhistory", 
    "fields": {
        "applied": "2015-09-08T10:42:07.387Z", 
        "app_name": "storageadmin", 
        "migration": "0015_auto__add_field_user_group"
    }
},
{
    "pk": 17, 
    "model": "south.migrationhistory", 
    "fields": {
        "applied": "2015-09-08T10:42:07.586Z", 
        "app_name": "storageadmin", 
        "migration": "0016_auto__del_field_poolscrub_errors__add_field_poolscrub_data_extents_scr"
    }
},
{
    "pk": 18, 
    "model": "south.migrationhistory", 
    "fields": {
        "applied": "2015-09-08T10:42:07.644Z", 
        "app_name": "storageadmin", 
        "migration": "0017_auto__add_field_pool_compression__add_field_pool_mnt_options"
    }
},
{
    "pk": 19, 
    "model": "south.migrationhistory", 
    "fields": {
        "applied": "2015-09-08T10:42:07.701Z", 
        "app_name": "storageadmin", 
        "migration": "0018_auto__add_field_share_compression_algo"
    }
},
{
    "pk": 20, 
    "model": "south.migrationhistory", 
    "fields": {
        "applied": "2015-09-08T10:42:07.785Z", 
        "app_name": "storageadmin", 
        "migration": "0019_auto__add_poolbalance"
    }
},
{
    "pk": 21, 
    "model": "south.migrationhistory", 
    "fields": {
        "applied": "2015-09-08T10:42:07.892Z", 
        "app_name": "storageadmin", 
        "migration": "0020_auto__add_sambacustomconfig"
    }
},
{
    "pk": 22, 
    "model": "south.migrationhistory", 
    "fields": {
        "applied": "2015-09-08T10:42:08.008Z", 
        "app_name": "storageadmin", 
        "migration": "0021_auto__del_field_sambashare_create_mask"
    }
},
{
    "pk": 23, 
    "model": "south.migrationhistory", 
    "fields": {
        "applied": "2015-09-08T10:42:08.339Z", 
        "app_name": "storageadmin", 
        "migration": "0022_auto__add_dvolume__add_unique_dvolume_container_dest_dir__add_containe"
    }
},
{
    "pk": 24, 
    "model": "south.migrationhistory", 
    "fields": {
        "applied": "2015-09-08T10:42:08.518Z", 
        "app_name": "storageadmin", 
        "migration": "0023_auto__add_tlscertificate"
    }
},
{
    "pk": 25, 
    "model": "south.migrationhistory", 
    "fields": {
        "applied": "2015-09-08T10:42:08.822Z", 
        "app_name": "storageadmin", 
        "migration": "0024_auto__add_smarttestlogdetail__add_smartinfo__add_smarttestlog__add_sma"
    }
},
{
    "pk": 26, 
    "model": "south.migrationhistory", 
    "fields": {
        "applied": "2015-09-08T10:42:08.937Z", 
        "app_name": "storageadmin", 
        "migration": "0025_auto__add_field_dport_uiport"
    }
},
{
    "pk": 27, 
    "model": "south.migrationhistory", 
    "fields": {
        "applied": "2015-09-08T10:42:09.077Z", 
        "app_name": "storageadmin", 
        "migration": "0026_auto__chg_field_rockon_state__chg_field_rockon_version"
    }
},
{
    "pk": 28, 
    "model": "south.migrationhistory", 
    "fields": {
        "applied": "2015-09-08T10:42:09.204Z", 
        "app_name": "storageadmin", 
        "migration": "0027_auto__chg_field_rockon_status"
    }
},
{
    "pk": 29, 
    "model": "south.migrationhistory", 
    "fields": {
        "applied": "2015-09-08T10:42:09.405Z", 
        "app_name": "storageadmin", 
        "migration": "0028_auto__add_field_snapshot_rusage__add_field_snapshot_eusage__add_field_"
    }
},
{
    "pk": 30, 
    "model": "south.migrationhistory", 
    "fields": {
        "applied": "2015-09-08T10:42:09.602Z", 
        "app_name": "storageadmin", 
        "migration": "0029_auto__add_dcontainerlink__add_unique_dcontainerlink_destination_name__"
    }
},
{
    "pk": 31, 
    "model": "south.migrationhistory", 
    "fields": {
        "applied": "2015-09-08T10:42:09.820Z", 
        "app_name": "storageadmin", 
        "migration": "0030_auto__add_field_share_pqgroup"
    }
},
{
    "pk": 32, 
    "model": "south.migrationhistory", 
    "fields": {
        "applied": "2015-09-08T10:42:09.940Z", 
        "app_name": "storageadmin", 
        "migration": "0031_auto__add_configbackup"
    }
},
{
    "pk": 33, 
    "model": "south.migrationhistory", 
    "fields": {
        "applied": "2015-09-08T10:42:10.104Z", 
        "app_name": "storageadmin", 
        "migration": "0032_auto__add_emailclient__chg_field_snapshot_toc__chg_field_configbackup_"
    }
},
{
    "pk": 34, 
    "model": "south.migrationhistory", 
    "fields": {
        "applied": "2015-09-08T10:42:10.219Z", 
        "app_name": "storageadmin", 
        "migration": "0033_auto__del_field_poolbalance_pid__add_field_poolbalance_tid__add_field_"
    }
},
{
    "pk": 35, 
    "model": "south.migrationhistory", 
    "fields": {
        "applied": "2015-09-08T10:42:10.418Z", 
        "app_name": "storageadmin", 
        "migration": "0034_auto__chg_field_tlscertificate_name"
    }
},
{
    "pk": 36, 
    "model": "south.migrationhistory", 
    "fields": {
        "applied": "2015-09-08T10:42:12.342Z", 
        "app_name": "django_ztask", 
        "migration": "0001_initial"
    }
},
{
    "pk": 37, 
    "model": "south.migrationhistory", 
    "fields": {
        "applied": "2015-09-08T10:42:12.351Z", 
        "app_name": "django_ztask", 
        "migration": "0002_auto__add_field_task_created"
    }
},
{
    "pk": 38, 
    "model": "south.migrationhistory", 
    "fields": {
        "applied": "2015-09-11T17:03:29.468Z", 
        "app_name": "storageadmin", 
        "migration": "0035_auto__del_field_networkinterface_domain__del_field_networkinterface_bo"
    }
},
{
    "pk": 1, 
    "model": "oauth2_provider.application", 
    "fields": {
        "redirect_uris": "", 
        "name": "cliapp", 
        "client_type": "confidential", 
        "user": [
            "admin"
        ], 
        "client_id": "mgx9v?G4?9qU1t21E_WOqYZPD6rYTfft_=?Bvpie", 
        "client_secret": "HldDn7gX-lsYp6;VOf9LoSN8J7_eS;fGf9kV;pP.d5xr;B6I6oWCSi4YO9Qh4b3NovN4ziG2HxF@npmNKsv_2LBeFAkF_fRqAmEs-FsG_jcn7lwX5H0!-N@hJrIDMcJJ", 
        "authorization_grant_type": "client-credentials"
    }
},
{
    "pk": 1, 
    "model": "oauth2_provider.accesstoken", 
    "fields": {
        "application": 1, 
        "token": "HlqpJesm1qDp5Qpa4bZQdPVeqfISdF", 
        "expires": "2015-09-08T21:26:54.373Z", 
        "user": [
            "admin"
        ], 
        "scope": "read write"
    }
},
{
    "pk": 2, 
    "model": "oauth2_provider.accesstoken", 
    "fields": {
        "application": 1, 
        "token": "HAZA836STgG8Gs6gsyWG4P8bD4hHR4", 
        "expires": "2015-09-08T21:35:54.851Z", 
        "user": [
            "admin"
        ], 
        "scope": "read write"
    }
},
{
    "pk": 3, 
    "model": "oauth2_provider.accesstoken", 
    "fields": {
        "application": 1, 
        "token": "VFziIQlIhVfVTUBIpRiRTpMrCO4ldA", 
        "expires": "2015-09-08T21:35:54.894Z", 
        "user": [
            "admin"
        ], 
        "scope": "read write"
    }
},
{
    "pk": 4, 
    "model": "oauth2_provider.accesstoken", 
    "fields": {
        "application": 1, 
        "token": "fthyO8WoRnmkWF1Wc34KEBta5Myq4o", 
        "expires": "2015-09-08T21:36:00.757Z", 
        "user": [
            "admin"
        ], 
        "scope": "read write"
    }
},
{
    "pk": 5, 
    "model": "oauth2_provider.accesstoken", 
    "fields": {
        "application": 1, 
        "token": "QfnlTixbfOCoEcqcEzl8STiLmf9XdN", 
        "expires": "2015-09-08T21:36:01.177Z", 
        "user": [
            "admin"
        ], 
        "scope": "read write"
    }
},
{
    "pk": 6, 
    "model": "oauth2_provider.accesstoken", 
    "fields": {
        "application": 1, 
        "token": "xfgYUYnnXFLyHHZRAkswgnsgd56CSZ", 
        "expires": "2015-09-08T21:51:16.497Z", 
        "user": [
            "admin"
        ], 
        "scope": "read write"
    }
},
{
    "pk": 7, 
    "model": "oauth2_provider.accesstoken", 
    "fields": {
        "application": 1, 
        "token": "DbVi8FL55rMC59TRhSlpeg8DlC9r1n", 
        "expires": "2015-09-08T21:51:18.011Z", 
        "user": [
            "admin"
        ], 
        "scope": "read write"
    }
},
{
    "pk": 8, 
    "model": "oauth2_provider.accesstoken", 
    "fields": {
        "application": 1, 
        "token": "oODdmjZwIDHS8xKoBWIbQO1zQwaG28", 
        "expires": "2015-09-08T21:51:28.561Z", 
        "user": [
            "admin"
        ], 
        "scope": "read write"
    }
},
{
    "pk": 9, 
    "model": "oauth2_provider.accesstoken", 
    "fields": {
        "application": 1, 
        "token": "yh5SOBgQtCash1E8fofBzfsbGOfSME", 
        "expires": "2015-09-08T21:51:29.762Z", 
        "user": [
            "admin"
        ], 
        "scope": "read write"
    }
},
{
    "pk": 10, 
    "model": "oauth2_provider.accesstoken", 
    "fields": {
        "application": 1, 
        "token": "UsTnB78s4UN8XPt1ggTnRAGRSPdplz", 
        "expires": "2015-09-08T22:48:07.095Z", 
        "user": [
            "admin"
        ], 
        "scope": "read write"
    }
},
{
    "pk": 11, 
    "model": "oauth2_provider.accesstoken", 
    "fields": {
        "application": 1, 
        "token": "n3kuqR5oPZ05PNhTrCJ9KrjBSLEpq2", 
        "expires": "2015-09-08T22:48:08.976Z", 
        "user": [
            "admin"
        ], 
        "scope": "read write"
    }
},
{
    "pk": 12, 
    "model": "oauth2_provider.accesstoken", 
    "fields": {
        "application": 1, 
        "token": "UZSEDukk6kjuxOHKaj3aGGFHqXgzwj", 
        "expires": "2015-09-08T22:48:19.456Z", 
        "user": [
            "admin"
        ], 
        "scope": "read write"
    }
},
{
    "pk": 13, 
    "model": "oauth2_provider.accesstoken", 
    "fields": {
        "application": 1, 
        "token": "FOOh3KFtLAjrgPXLWp3eUDyfvwdHnF", 
        "expires": "2015-09-08T22:48:20.115Z", 
        "user": [
            "admin"
        ], 
        "scope": "read write"
    }
},
{
    "pk": 14, 
    "model": "oauth2_provider.accesstoken", 
    "fields": {
        "application": 1, 
        "token": "tkWiKDmFvm10jmRWETdyei1tRWJPCw", 
        "expires": "2015-09-09T23:06:51.645Z", 
        "user": [
            "admin"
        ], 
        "scope": "read write"
    }
},
{
    "pk": 15, 
    "model": "oauth2_provider.accesstoken", 
    "fields": {
        "application": 1, 
        "token": "6Gh0Uy4UmVLbB9Cm13L14zDww2j9Nc", 
        "expires": "2015-09-09T23:41:21.161Z", 
        "user": [
            "admin"
        ], 
        "scope": "read write"
    }
},
{
    "pk": 16, 
    "model": "oauth2_provider.accesstoken", 
    "fields": {
        "application": 1, 
        "token": "zBgMa6bttL3n5NFXBvkjfU5Ti6UBVC", 
        "expires": "2015-09-09T23:41:30.203Z", 
        "user": [
            "admin"
        ], 
        "scope": "read write"
    }
},
{
    "pk": 17, 
    "model": "oauth2_provider.accesstoken", 
    "fields": {
        "application": 1, 
        "token": "8D09ZmhC6IZ1brv1jEUdr5WPwNDXs1", 
        "expires": "2015-09-09T23:42:16.489Z", 
        "user": [
            "admin"
        ], 
        "scope": "read write"
    }
},
{
    "pk": 18, 
    "model": "oauth2_provider.accesstoken", 
    "fields": {
        "application": 1, 
        "token": "GFv0nUZ6dQznDUFgaZjmODz12aV4pm", 
        "expires": "2015-09-11T00:12:13.731Z", 
        "user": [
            "admin"
        ], 
        "scope": "read write"
    }
},
{
    "pk": 19, 
    "model": "oauth2_provider.accesstoken", 
    "fields": {
        "application": 1, 
        "token": "67ZRnVAfI8GCGxmYyklJHjIZOzUgJ1", 
        "expires": "2015-09-11T01:41:10.478Z", 
        "user": [
            "admin"
        ], 
        "scope": "read write"
    }
},
{
    "pk": 20, 
    "model": "oauth2_provider.accesstoken", 
    "fields": {
        "application": 1, 
        "token": "oAX2ypiptwgAJxwHDabpk6kiH7V6wC", 
        "expires": "2015-09-11T01:41:21.405Z", 
        "user": [
            "admin"
        ], 
        "scope": "read write"
    }
},
{
    "pk": 21, 
    "model": "oauth2_provider.accesstoken", 
    "fields": {
        "application": 1, 
        "token": "iDZnpp30rWTCXn2pvb6UGbnL6xPX94", 
        "expires": "2015-09-12T00:11:05.736Z", 
        "user": [
            "admin"
        ], 
        "scope": "read write"
    }
},
{
    "pk": 22, 
    "model": "oauth2_provider.accesstoken", 
    "fields": {
        "application": 1, 
        "token": "KiEMqn4wH1BtBpNQdT63Zr2fxwUuM2", 
        "expires": "2015-09-12T00:11:16.098Z", 
        "user": [
            "admin"
        ], 
        "scope": "read write"
    }
},
{
    "pk": 23, 
    "model": "oauth2_provider.accesstoken", 
    "fields": {
        "application": 1, 
        "token": "IVS6H2Bq0uB8GEK2cJRSGPgAV2XvhS", 
        "expires": "2015-09-12T00:17:01.428Z", 
        "user": [
            "admin"
        ], 
        "scope": "read write"
    }
},
{
    "pk": 24, 
    "model": "oauth2_provider.accesstoken", 
    "fields": {
        "application": 1, 
        "token": "C33CFPpB7j9ulhV9AIbaO1BXh2hnif", 
        "expires": "2015-09-12T03:03:24.797Z", 
        "user": [
            "admin"
        ], 
        "scope": "read write"
    }
},
{
    "pk": 25, 
    "model": "oauth2_provider.accesstoken", 
    "fields": {
        "application": 1, 
        "token": "RipdO9XDJS2WmYwY6NifvwVwWX5JDd", 
        "expires": "2015-09-12T03:03:29.424Z", 
        "user": [
            "admin"
        ], 
        "scope": "read write"
    }
},
{
    "pk": 26, 
    "model": "oauth2_provider.accesstoken", 
    "fields": {
        "application": 1, 
        "token": "3a2PxmLMwWTQLb978YIGrhyGc6GPF9", 
        "expires": "2015-09-12T03:03:39.601Z", 
        "user": [
            "admin"
        ], 
        "scope": "read write"
    }
},
{
    "pk": 27, 
    "model": "oauth2_provider.accesstoken", 
    "fields": {
        "application": 1, 
        "token": "aOl6CJGchlBDeHQQx4S1JD0uYOCxeQ", 
        "expires": "2015-09-12T03:03:39.632Z", 
        "user": [
            "admin"
        ], 
        "scope": "read write"
    }
},
{
    "pk": 28, 
    "model": "oauth2_provider.accesstoken", 
    "fields": {
        "application": 1, 
        "token": "iTTF4Cz5DPzPBEaa2Xzvsq59L5qGCx", 
        "expires": "2015-09-12T05:52:13.614Z", 
        "user": [
            "admin"
        ], 
        "scope": "read write"
    }
},
{
    "pk": 29, 
    "model": "oauth2_provider.accesstoken", 
    "fields": {
        "application": 1, 
        "token": "Xrk0R4AfYuHPieSdmckJ3sF28Z3NU7", 
        "expires": "2015-09-12T05:52:15.791Z", 
        "user": [
            "admin"
        ], 
        "scope": "read write"
    }
},
{
    "pk": 30, 
    "model": "oauth2_provider.accesstoken", 
    "fields": {
        "application": 1, 
        "token": "WG12EaXorAiBBYJkjV0MLj6VHtHjbr", 
        "expires": "2015-09-12T05:52:30.987Z", 
        "user": [
            "admin"
        ], 
        "scope": "read write"
    }
},
{
    "pk": 31, 
    "model": "oauth2_provider.accesstoken", 
    "fields": {
        "application": 1, 
        "token": "SiZEthocmiCaIE8cTcuWSgmRhhXMnO", 
        "expires": "2015-09-12T05:52:31.731Z", 
        "user": [
            "admin"
        ], 
        "scope": "read write"
    }
},
{
    "pk": 32, 
    "model": "oauth2_provider.accesstoken", 
    "fields": {
        "application": 1, 
        "token": "bIIYcHK6PeQRjOFW0UlOPer7bZGGv4", 
        "expires": "2015-09-12T06:49:00.194Z", 
        "user": [
            "admin"
        ], 
        "scope": "read write"
    }
},
{
    "pk": 33, 
    "model": "oauth2_provider.accesstoken", 
    "fields": {
        "application": 1, 
        "token": "FpbiwkQbzhcYN2AJRz3RMQPGcMHxyl", 
        "expires": "2015-09-12T06:49:00.296Z", 
        "user": [
            "admin"
        ], 
        "scope": "read write"
    }
},
{
    "pk": 34, 
    "model": "oauth2_provider.accesstoken", 
    "fields": {
        "application": 1, 
        "token": "Qr2vCe4klFoPKaGGkvKGccEQ8x2IrN", 
        "expires": "2015-09-12T06:49:12.081Z", 
        "user": [
            "admin"
        ], 
        "scope": "read write"
    }
},
{
    "pk": 35, 
    "model": "oauth2_provider.accesstoken", 
    "fields": {
        "application": 1, 
        "token": "q0lBccVo8jSQq0aefAHKylmTDxmF03", 
        "expires": "2015-09-12T06:49:12.742Z", 
        "user": [
            "admin"
        ], 
        "scope": "read write"
    }
},
{
    "pk": 36, 
    "model": "oauth2_provider.accesstoken", 
    "fields": {
        "application": 1, 
        "token": "fWtHc8Ax4lYJWL1g1V0JfNMZaYPKAj", 
        "expires": "2015-09-15T19:54:23.874Z", 
        "user": [
            "admin"
        ], 
        "scope": "read write"
    }
},
{
    "pk": 37, 
    "model": "oauth2_provider.accesstoken", 
    "fields": {
        "application": 1, 
        "token": "ui3rj6E3WNaBM9rFmtVioNtLToHLvA", 
        "expires": "2015-09-15T19:55:45.403Z", 
        "user": [
            "admin"
        ], 
        "scope": "read write"
    }
},
{
    "pk": 38, 
    "model": "oauth2_provider.accesstoken", 
    "fields": {
        "application": 1, 
        "token": "QPRInQPSLI3P7DfPhtoXAGtU2GRXiU", 
        "expires": "2015-09-15T19:55:53.927Z", 
        "user": [
            "admin"
        ], 
        "scope": "read write"
    }
},
{
    "pk": 39, 
    "model": "oauth2_provider.accesstoken", 
    "fields": {
        "application": 1, 
        "token": "mpiqo5QNjOd9Btyvr5sl25bDjMaruo", 
        "expires": "2015-09-15T19:58:14.245Z", 
        "user": [
            "admin"
        ], 
        "scope": "read write"
    }
},
{
    "pk": 40, 
    "model": "oauth2_provider.accesstoken", 
    "fields": {
        "application": 1, 
        "token": "JqV5CDNGgdjBmV9bi2Ih8RIVjRLhKR", 
        "expires": "2015-09-15T19:58:35.299Z", 
        "user": [
            "admin"
        ], 
        "scope": "read write"
    }
},
{
    "pk": 41, 
    "model": "oauth2_provider.accesstoken", 
    "fields": {
        "application": 1, 
        "token": "ADvvNmgzKgV2IJsm84A8oZ7ejgXHvR", 
        "expires": "2015-09-16T05:28:36.466Z", 
        "user": [
            "admin"
        ], 
        "scope": "read write"
    }
},
{
    "pk": 42, 
    "model": "oauth2_provider.accesstoken", 
    "fields": {
        "application": 1, 
        "token": "UiYYenzN2lgPikmQRhcVaGdnwCPbTd", 
        "expires": "2015-09-16T05:30:07.336Z", 
        "user": [
            "admin"
        ], 
        "scope": "read write"
    }
},
{
    "pk": 43, 
    "model": "oauth2_provider.accesstoken", 
    "fields": {
        "application": 1, 
        "token": "DDgrBcZIhZtWaRBeXzVCy9ThWg2xVF", 
        "expires": "2015-09-16T18:37:30.293Z", 
        "user": [
            "admin"
        ], 
        "scope": "read write"
    }
},
{
    "pk": 44, 
    "model": "oauth2_provider.accesstoken", 
    "fields": {
        "application": 1, 
        "token": "WHVir0kkayKNxxszRIM7Z7YgiC5aGb", 
        "expires": "2015-09-16T19:05:54.785Z", 
        "user": [
            "admin"
        ], 
        "scope": "read write"
    }
},
{
    "pk": 45, 
    "model": "oauth2_provider.accesstoken", 
    "fields": {
        "application": 1, 
        "token": "91JMMHUNuqQM88RD9ljO0Rs4KA2x5A", 
        "expires": "2015-09-16T19:06:03.896Z", 
        "user": [
            "admin"
        ], 
        "scope": "read write"
    }
},
{
    "pk": 46, 
    "model": "oauth2_provider.accesstoken", 
    "fields": {
        "application": 1, 
        "token": "ZLYWtCTWU9o7wkGeNCChZc6kk8xKx2", 
        "expires": "2015-09-16T19:06:55.735Z", 
        "user": [
            "admin"
        ], 
        "scope": "read write"
    }
},
{
    "pk": 47, 
    "model": "oauth2_provider.accesstoken", 
    "fields": {
        "application": 1, 
        "token": "csBJFoNEyj4wCKZHwx0rplsB7bDf1e", 
        "expires": "2015-09-16T20:00:17.025Z", 
        "user": [
            "admin"
        ], 
        "scope": "read write"
    }
},
{
    "pk": 48, 
    "model": "oauth2_provider.accesstoken", 
    "fields": {
        "application": 1, 
        "token": "CMG46WqSOcnMAglGO3c7KKTxkaoBsB", 
        "expires": "2015-09-16T20:00:30.054Z", 
        "user": [
            "admin"
        ], 
        "scope": "read write"
    }
},
{
    "pk": 49, 
    "model": "oauth2_provider.accesstoken", 
    "fields": {
        "application": 1, 
        "token": "ftTtZQHwmM6cglOLYSbmCHBwxqyjNt", 
        "expires": "2015-09-16T20:12:30.272Z", 
        "user": [
            "admin"
        ], 
        "scope": "read write"
    }
}
]
